GID,AM Response,E_ICO1_CD,E_SITE_ID,E_ORANGE_SITE_NAME,E_CUSTOMER_SITE_NAME,E_SITE_STATUS_CD,E_SITE_COMMENT,E_PHONE,E_FAX,E_ADDRESS_ID,E_BUIDLING_NAME,E_LOCATION_NAME,E_ROOM,E_FLOOR,E_STREET_NAME,E_ZIP_CODE,E_CITY_NAME,E_STATE_CD,E_STATE_NAME,C_COUNTRY_ISO_3_CODE,E_IS_VALID_PRESALES_SALES,GOLD_SITECODE
1,TRUE,2603,MS17001661,2603_BRA_São Paulo_00001,,0,,0,0,MA17001723,,,,,Av. Dr. Chucri Zaidan 940 - Sapataria Cometa,04583-110,São Paulo,SP,SAO PAULO,BRA,Y,São Paulo_227467
1,FALSE,2603,MSY8179440,2603_BRA_Sao Paulo_00001_MIG_001,,0,,,,MAY8180552,,,,,"AV DR CHUCRI ZAIDAN, 940/TORRE B 3 ANDAR",,Sao Paulo,AM,AMAZONAS,BRA,Y,Sao Paulo_076382
2,TRUE,2603,MS17001687,2603_BRA_São Paulo_00002,,0,,0,0,MA17001749,,,,,Av. das Nações Unidas 14171 - Santo Amaro,04795-100,São Paulo,SP,SAO PAULO,BRA,Y,São Paulo_227469
2,FALSE,2603,MSY5135719,2603_BRA_Sao Paulo_00001,,0,,,,MAY5136831,,,,,"LG ELECTRONICS SP R&D AV NACOES UNIDAS,14171",,Sao Paulo,MT,MATO GROSSO,BRA,Y,Sao Paulo_085295
3,TRUE,2603,MSY8179432,2603_BRA_Taubate_00001_MIG_001,,0,,,,MAY8180544,,,,,"Av. Dom Pedro I, W7777 - Predio 1 e 2 Area",,Taubate,SP,SAO PAULO,BRA,Y,Taubate_076383
3,FALSE,2603,CI00037736,2603_BRA_Taubaté_001,,0,,,,CI00037940,1 e 2,Piracangagua,,,"Av. Dom pedro I, W7777 - Prédio 1 e 2, Área Industrial do Piracangagua",12081-010,Taubaté,SP,SAO PAULO,BRA,Y,Taubaté_052944
3,FALSE,2603,MSY8179433,2603_BRA_Taubate_00002,,0,,,,MAY8180545,,,,,"AV D PEDROI, W777 / DISTRITO INDUSTRIAL",12040-390,Taubate,SP,SAO PAULO,BRA,Y,Taubate_092933
3,FALSE,2603,MSY5135722,2603_BRA_Taubate_00001,,0,,,,MAY5136834,,,,,"Ave Dom Pedro, I- W7777, Taubate",12010,Sao Paulo,SP,SAO PAULO,BRA,Y,Sao Paulo_085296
4,TRUE,2603,MSY5135736,2603_CAN_Toronto_MIG_001,,0,,,,MAY5136848,,,,,20 NORELCO DRIVE NORTH YORK,M9L 2X6,Toronto,ON,ONTARIO,CAN,Y,Toronto_071642
4,FALSE,2603,MSY5147251,2603_CAN_Toronto_00001,,0,,,,MAY5148363,,,,,20 Norelco Drive,M9L 2X6,Toronto,ON,ONTARIO,CAN,Y,Toronto_086686
5,TRUE,2603,MS17001681,2603_CZE_Praha_00001,,0,,0,0,MA17001743,,"LG Electronics Czech, Zlaty Andel",,,Nadrazni 23/344,151 34,Praha,,,CZE,Y,Praha_026455
5,FALSE,2603,CI00004881,2603_CZE_Prague_002,PRGB2603-2,0,,,,CI00004911,"Zlaty Andel,",Nadrazni 23/344,,,151 34 Praha 5,na,Prague,,Hlavní m¿sto Praha,CZE,Y,Prague_020908
6,TRUE,2603,MS17001690,2603_ESP_Las Rozas de Madrid_00001,LGEES Madrid New,0,,0,0,MA17001752,Planta Sotano,,,,Calle de Chile no 1,28290,Las Rozas de Madrid,,,ESP,Y,Las Rozas de Madrid_021238
6,FALSE,2603,MSG5323679,LGEES Madrid New,,0,,,,MAG5323104,,,,,"Calle Chile no 1 , Planta Sotano 28290 Las Rozas",28290,MADRID,,,ESP,Y,LGEES Madrid New
7,TRUE,2603,MSY5135733,2603_ESP_Paterna_MIG,,0,,,,MAY5136845,,,,,Centro Empresarial Fleming C/ Louis Nave 2,46980,VALENCIA,,,ESP,Y,VALENCIA_227476
7,FALSE,2603,MSY5147249,2603_ESP_Paterna_00001_MIG,,0,,,,MAY5148361,,,,,CENTRO EMPRESARIAL FLEMING C/ LOUIS PASTEUR,46980,VALENCIA,,,ESP,Y,VALENCIA_227521
8,TRUE,2603,MS17001686,2603_FRA_Villepinte_00001,,0,,0,0,MA17001748,,,,,Avenue des Nations,93420,Villepinte,,,FRA,Y,Villepinte_227468
8,FALSE,2603,CI00060322,2603_FRA_Paris_00002,,0,,,,CI00060727,,"NORD II -117, Avenue des Nations",,,B.P. 59372 VILLEPINTE 95942 ROISSY CDG CEDEX,95942,Paris,,Île-de-France,FRA,Y,Paris_105082
8,FALSE,2603,MS17001679,2603_FRA_Paris_00001,,0,,0,0,MA17001741,,,,,117 Avenue des Nations Unies,75116,Paris,,,FRA,Y,Paris_227522
8,FALSE,2603,MSY5135739,2603_FRA_Villepinte_00001_MIG_001,,0,,,,MAY5136851,,,,,PARIS NORD II - Batiment B et D 117 Avenue,93420,Villepinte,,,FRA,Y,Villepinte_071643
8,FALSE,2603,MSG5322102,CIS0071160,,0,,,,MAG5321565,,,,,117 Avenue des Nations,93420,Villepinte,,,FRA,Y,CIS0071160
9,TRUE,2603,CI00011487,2603_GBR_Slough_001,,0,,,,CI00011558,,,,,"250-252 Bath Road Slough, Berkshire,",SL1 4DX,Slough,,,GBR,Y,Slough_027348
9,FALSE,2603,CI00011507,2603_GBR_Slough_002,,0,,,,CI00011578,LG House,,,,250-252 Bath Road,SL1 4DX,Slough,,,GBR,Y,Slough_027368
9,FALSE,2603,MSG5323685,LGEUK,,0,,,,MAG5323110,,,,,LG House 250 Bath Road,SL1 4DT,"Slough, Berkshire",,,GBR,Y,LGEUK
9,FALSE,2603,MSY4168964,2603_GBR_Slough_00001,,0,,,,MAY4153944,,,,,"BATH RD, BERKSHIRELG HOUSE250",SL1 4DX,Slough,,,GBR,Y,Slough_227524
9,FALSE,2603,CI00013768,2603_GBR_Slough_003,,0,,,,CI00013842,LG HOUSE,250,Comms room,Ground,"BATH RD, BERKSHIRE",SL1 4DX,Slough,,England,GBR,Y,Slough_029603
9,FALSE,2603,MSY7112775,2603_GBR_Slough_MIG2203,,0,,,,MAY7112775,,,,,"250-252 BATH ROAD SLOUGH, BERKSHIRE,",SL1 6JA,Slough,,,GBR,Y,Slough_227523
10,TRUE,2603,MSY4168967,2603_GBR_Washington_00001,,0,,,,MAY4153947,,,,,Birtley Road,NE38,Washington,,,GBR,Y,Washington_227474
10,FALSE,2603,MSY4168966,2603_GBR_Birtley_00001,,0,,,,MAY4153946,,,,,"BIRTLEY ROAD, WASHINGTON, TYNE & WEAR",DH3 2BD,NEW CASTLE,,,GBR,Y,NEW CASTLE_219267
11,TRUE,2603,CI00051247,2603_GBR_Weybridge_001,,0,,,,CI00051574,,Velocity 2,,,Brooklands,SL1 4DT,Weybridge,,England,GBR,Y,Weybridge_066966
11,FALSE,2603,CI00043425,LGDUK01,LGEUK,0,,,,CI00043679,Velocity2,,,,"Velocity2,Brooklands",KT13 0SL,Weybridge,,England,GBR,Y,Weybridge_058380
12,TRUE,2603,CI00060325,2603_GRC_Athens_001,,0,,,,CI00060730,,"Etharhou Makariou Ave. & Moraitini,",,,"Delta Palaiou Falirou, Building CodeName: K2, Basement, 2nd, 3rd and 4th NA,",637474,Athens,,Attica,GRC,Y,Athens_105084
12,FALSE,2603,MSG5323666,LGE-Athens New Site,,0,,,,MAG5323092,,Building CodeName: K2' Bas,,,Etharhou Makariou Ave. & Moraitini'Delta Palaiou Falirou',637474,Athens,,,GRC,Y,LGE-Athens New Site
13,TRUE,2603,MS17001663,LG UPLUS CORP_ITA_Milan_001,LGEIS,0,,0,0,MA17001725,,,,,"Via Aldo Rossi, 4",20149,Milan,,,ITA,Y,Milan_017340
13,FALSE,2603,MSY7112771,2603_ITA_Milan_00001,,0,,,,MAY7112771,,,,,"VIA ALDO ROSSI, 4 SESTO PIANO - SALA SERVER",20149,Milano,,,ITA,Y,Milano_227525
14,TRUE,2603,CI00060321,2603_KOR_Seoul__MIG1254,,0,,,,CI00060726,,"Sang Am-Dong, Mapo-Gu, B5-3 DMC,",,,"LGCNS Sang Am IT Center,",121-270,Seoul,,,KOR,Y,Seoul_105081
14,FALSE,2603,CI00006307,2603_KOR_Seoul_001,APIC Center,0,,,,CI00006347,"LGCNS Sang Am IT Center,","Sang Am-Dong, Mapo-Gu",,,B5-3 DMC,121-270,Seoul,,,KOR,Y,Seoul_022195
15,TRUE,2603,MSY5135721,2603_MEX_Mexico City_00001,,0,,,,MAY5136833,,,,,CALLE ORBITA #36 PARQUE INDUSTRIAL MEXIC,55400,MEXICALLI,,,MEX,Y,MEXICALLI_227475
15,FALSE,2603,MSG5323808,MEXICALI_000967,,0,,,,MAG5323231,,,,,"Calle Orbita #36, PIMSA II",40060,MEXICALI,,,MEX,Y,MEXICALI_000967
16,TRUE,2603,MSG5322066,CIS0009893,,0,,,,MAG5321531,,,,,"Veluwezoom 15, Veluwse Kant",1327 AE,Almere,,,NLD,Y,CIS0009893
16,FALSE,2603,CI00039620,2603_NLD_ALMERE_001,,0,,,,CI00039835,,,,,VELUWE ZOOM 15,1327 AE,ALMERE,GE,,NLD,Y,ALMERE_054656
17,TRUE,2603,MS17001672,2603_POL_M?awa_00001,,0,,0,0,MA17001734,,,,,LG Electronics 7,06-501,M?awa,,,POL,Y,M?awa_034149
17,FALSE,2603,CI00005606,2603_POL_Mlawa_001,LGEMA,0,,48236547820,,CI00005638,,,,,"Mlawa sp. z o.o. , ul. LG Electronics 7,",06-500,Mlawa,,Masovian Voivodeship,POL,Y,Mlawa_021518
18,TRUE,2603,CI00001647,2603_ROU_Bucharest_001,,0,,+40 212332491(666),,CI00001652,,,,,"17-21 Bucuresti-Ploiesti, Baneasa Center, 7th Floor",715611,Bucharest,,,ROU,Y,Bucharest_017605
18,FALSE,2603,CI00001660,2603_ROU_Bucharest_003,,0,,,,CI00001665,,,,,"17-21 Bucuresti-Ploiesti, Baneasa Center, 7th Floor",715611,Bucharest,,,ROU,Y,Bucharest_017620
18,FALSE,2603,CI00001648,2603_ROU_Bucharest_002,,0,,,,CI00001653,,,,,"17-21 Bucuresti-Ploiesti, Baneasa Center, 7th Floor",715611,Bucharest,,,ROU,Y,Bucharest_017607
18,FALSE,2603,CI00001661,2603_ROU_Bucharest_004,,0,,,,CI00001666,,,,,"17-21 Bucuresti-Ploiesti, Baneasa Center, 7th Floor",715611,Bucharest,,,ROU,Y,Bucharest_017621
19,TRUE,2603,CI00007245,2603_RUS_Moscow_001,LGERA,0,,,,CI00007296,LGE-MOWCOW LAB,LG Electronics,,,"8th Floor 3 Building 2 Paveletskaya square, 115054, Moscow",115054,Moscow,,Moscow,RUS,Y,LGERA
19,FALSE,2603,MSY7112777,2603_RUS_Moscow_00001,,0,,,,MAY7112777,,,,,"8TH FLOOR 3 BUILDING 2 PAVELETSKAYA SQUARE, 115054",,Moscow,,,RUS,Y,Moscow_227526
20,TRUE,2603,MSY8179501,2603_RUS_Saint Petersburg_00001,,0,,,,MAY8180613,,,,,"Business Centre Neptun 4th Floor, Obvodny",,ST. PETERSBURG,,,RUS,Y,ST. PETERSBURG_227478
20,FALSE,2603,MSG5322096,CIS0053916,,0,,,,MAG5321559,,,,,"Business Centre Neptun 4th Floor, Obvodny canal",191119,ST. PETERSBURG,,,RUS,Y,CIS0053916
21,TRUE,2603,MSG5324850,St.Petersburg Lab,,0,,,,MAG5324258,,,,,"Shpalernaya ulitsa, 36",191123,St. Petersburg,,,RUS,Y,St.Petersburg Lab
21,FALSE,2603,MS17001664,LabLGUPLUS CORP_RUS_Saint Petersburg_001,St.Petersburg Lab,0,St.Petersburg Lab /// LG UPLUS CORP,0,0,MA17001726,LG St. Petersburg Lab,,,,"4F, Shpalernaya ulitsa 36 501",190000,Saint Petersburg,,SAINT PETERSBURG,RUS,Y,Saint Petersburg_023493
22,TRUE,2603,MSY5135740,2603_UKR_Obukhiv_00001,,0,,,,MAY5136852,,,,,"Mandarin Plaza Basseynaya, 4-A, str. 6",8701,Kiev,,,UKR,Y,Kiev_227477
22,FALSE,2603,MSG5323684,LGEUA-New,,0,,,,MAG5323109,,,,,"Mandarin Plaza Basseynaya, 4-A, str. 6",1004,Kiev,,,UKR,Y,LGEUA-New
23,TRUE,2603,MSY8179483,2603_UKR_Obukhiv_00001_MIG_001,,0,,,,MAY8180595,,,,,"Pantos Logistics Company St. tarasovska 30, of 19,",8701,Obukhiv,,,UKR,Y,Obukhiv_075777
23,FALSE,2603,MSG5324249,Pantos-Kiev New,,0,,,,MAG5323664,,,,,"St. tarasovska 30, of 19,",NA,KIEV,,,UKR,Y,Pantos-Kiev New
24,TRUE,2603,MSY5135726,2603_USA_Austin_00001,,0,,,,MAY5136838,,,,,4030 West Braker Lane Bldg 5,78759,Austin,TX,TEXAS,USA,Y,Austin_085298
24,FALSE,2603,CI00008440,2603_USA_Austin_001,LG Austin,0,,,,CI00008497,,,,,4030 West Braker Lane Suite 510,78759,Austin,TX,TEXAS,USA,Y,Austin_024418
25,TRUE,2603,MSY8179480,2603_USA_Bellevue_00001,,0,,,,MAY8180592,,,,,Eastgate Office Park 15375 SE 30th Place.,98007,Bellevue,WA,WASHINGTON,USA,Y,Bellevue_092181
25,FALSE,2603,MSY4168962,2603_USA_Bellevue_MIG1899,,0,,,,MAY4153942,,,,,EASTGATE OFFICE PARK 15375 SE 30TH PLACE.,98007,Bellevue,WA,WASHINGTON,USA,Y,Bellevue_094436
26,TRUE,2603,MSY8179464,2603_USA_Bolingbrook_00001_MIG_001,,0,,,,MAY8180576,,,,,Highland Corporate Center Building 1251,60490,Bolingbrook,IL,ILLINOIS,USA,Y,Bolingbrook_075778
26,FALSE,2603,MSY5147250,2603_USA_Bolingbrook_00001,,0,,,,MAY5148362,,,,,"LG Electronics MobileComm U.S.A. 1251, 115th",60490,Bolingbrook,IL,ILLINOIS,USA,Y,Bolingbrook_086685
26,FALSE,2603,MS17001682,LGEMU-Chicago New,,0,,0,0,MA17001744,,,,,1251 115th Street,60490,Bolingbrook,IL,ILLINOIS,USA,Y,LGEMU-Chicago New
27,TRUE,2603,MS17001658,2603_USA_Cary_00001,,0,,0,0,MA17001720,,,,,1001 Winstead Drive #510,27513,Cary,NC,NORTH CAROLINA,USA,Y,Cary_121972
27,FALSE,2603,BLS0002107,2603_USA_Cary_00002,,0,269892144,,,BLA0002107,,,,,1001 Winstead Drive,27513,Cary,NC,NORTH CAROLINA,USA,Y,Cary_202826
28,TRUE,2603,MSY8179462,2603_USA_Englewood Cliffs_00001_MIG_001,,0,,,,MAY8180574,,,,,"1000 SYIVAN AVENUE,",7632,Englewood Cliffs,NJ,NEW JERSEY,USA,Y,Englewood Cliffs_075730
28,FALSE,2603,MS17001653,2603_USA_Englewood Cliffs_00001,,0,,0,0,MA17001714,,,,,1000 Sylvan Avenue,7632,Englewood Cliffs,NJ,NEW JERSEY,USA,Y,Englewood Cliffs_193304
29,TRUE,2603,MSY8179460,2603_USA_Morristown_00001,,0,,,,MAY8180572,,,,,"LGE-MORRIS TOWN, 55 MADISON AVE, SUITE 310",7960,MORRIS TOWN,NJ,NEW JERSEY,USA,Y,MORRIS TOWN_092941
29,FALSE,2603,MSG5323672,LGE-Morris Town,,0,,,,MAG5323097,,,,,55 Madison Avenue #310,7960,Morris Town,NJ,NEW JERSEY,USA,Y,LGE-Morris Town
30,TRUE,2603,MSY8179476,2603_USA_South Portland_00001,,0,,,,MAY8180588,,,,,15750 North Lombard Street,4106,PORTLAND,ME,MAINE,USA,Y,PORTLAND_092180
30,FALSE,2603,MS17001671,2603_USA_Portland_00001,,0,,0,0,MA17001733,,,,,15750 N Lombard St,97203,Portland,OR,OREGON,USA,Y,Portland_227527
31,TRUE,2603,MS17001680,2603_ZAF_Germiston_00001,,0,,0,0,MA17001742,"Monte Carlo drive,Raceway industrila park","Gosforth park,Germiston.",,,Rand Airport Rd,1401,Germiston,,,ZAF,Y,Germiston_018067
31,FALSE,123452603,MSY4168958,2603_ZAF_Germiston_00001_MIG_001,,0,,,,MAY4153938,,,,,RAND AIRPORT RD,1401,Germiston,,,ZAF,Y,Germiston_076384
32,TRUE,2605,MS16005341,2605_IDN_Jakarta_00001,,0,,0,0,MA16005472,PT. JCB International Indonesia,Wisma Nusantara International,,,"21st Floor, Jl. M.H. Thamrin Kav. 59",10350,Jakarta,,,IDN,Y,Jakarta_024863
32,FALSE,2605,MSG5323359,JCB-JKT,,0,,62-21-338104,,MAG5322795,,,,,Nusantara Building 21st Floor,,Jakarta,,,IDN,Y,JCB-JKT
33,TRUE,2605,MS16005347,2605_JPN_Koto_00001,,0,,0,0,MA16005479,,,,,5 Chome-29-19 Toyo,,Koto,,TOKYO,JPN,Y,Koto_044483
33,FALSE,2605,MSG5323292,IP VPN/TIS-TYO,,0,,-5102,,MAG5322730,,,,,5-29-19 Toyo,135-0016,Koto-ku,,,JPN,Y,IP VPN/TIS-TYO
34,TRUE,2605,MS16005344,2605_USA_Los Angeles_00001,,0,,0,0,MA16005476,,,,,700 S Flower St,90017,Los Angeles,CA,CALIFORNIA,USA,Y,Los Angeles_024390
34,FALSE,2605,CI00013236,JCB-LAX-O,,0,,-9855,,CI00013310,,,Suite 1000,10th Floor,700 South Flower Street Suite 1000,90017,Los Angeles,CA,CALIFORNIA,USA,Y,JCB-LAX-O
35,TRUE,2605,MS16005338,2605_ITA_Roma_00001,,0,,0,0,MA16005469,,,,,Via Barberini 47,,Roma,,,ITA,Y,Roma_227466
35,FALSE,2605,MSG5324332,ROMB2605,,0,,39-06-481-4405,,MAG5323745,,,,,Via Barberini 47,187,Rome,,,ITA,Y,ROMB2605
36,TRUE,2605,MS16005352,2605_HKG_Tsim Sha Tsui_00001,,0,,0,0,MA16005484,,,,,12 Canton Rd,,Tsim Sha Tsui,,,HKG,Y,Tsim Sha Tsui_213508
36,FALSE,2605,MSG5322714,HKG(P),,0,,,,MAG5322164,"6/f, Chung Fung Commercial Building",,,,"12 Canton Rd, Tsimshatsui",,Kowloon,,,HKG,Y,HKG(P)
37,TRUE,2605,CI00027881,2605_VNM_Hanoi_001,,0,,,,CI00027989,Corner Stone building,,,4F,"16 Phan Chu Trinh, Hoan Kiem Dist.",,Hanoi,,,VNM,Y,Hanoi_043599
37,FALSE,2605,MSY4191454,2605_VNM_Hanoi_00001_MIG_001,,0,,,,MAY4176434,,,,,"16 PHAN CHU TRINH, HOAN KIEM DIST. CORNER STONE",,Hanoi,,,VNM,Y,Hanoi_076389
38,TRUE,2605,CI00022196,2605_MAC_Macau_001,,0,,,,CI00022289,,,,,"7th floor, Av. Almedia Ribeiro 22",,Macau,,,MAC,Y,Macau_037690
38,FALSE,2605,MSG5321873,BNU-MFM-JIPS3,,0,,,,MAG5321344,,,,,22 Avenida de Almeida Ribeiro,,MACAO,,,MAC,Y,BNU-MFM-JIPS3
39,TRUE,2605,MSY4191453,2605_THA_Bangkok_00001_MIG_001,,0,,,,MAY4176433,,,,,"CAT TELECOM BUILDING, 11TH Flr 72 NEW Rd, BANGRAK",10200,Bangkok,,,THA,Y,Bangkok_076387
39,FALSE,2605,MSG5322013,CAT-BKK-JIPS3,,0,,,,MAG5321478,,,,,72 CAT Telecom Tower 11th fl.,10500,Bangkok,,,THA,Y,CAT-BKK-JIPS3
40,TRUE,2605,CI00066702,2605_USA_Chicago_001,,0,,,,CI00067142,,,,,350 East Cermak Road,60616,Chicago,IL,ILLINOIS,USA,Y,Chicago_174710
40,FALSE,2605,MSG5322301,Chicago_000023,,0,,,,MAG5321760,,,,,350 East Cermak Road,60616,Chicago,IL,ILLINOIS,USA,Y,Chicago_000023
41,TRUE,2605,MSY5147254,2605_VNM_Hanoi_00001,,0,,,,MAY5148366,,,,,"UNITE 108, 1F SUN RED RIVER-BUSINESS CENTER 23 PHA",,Hanoi,,,VNM,Y,Hanoi_227481
41,FALSE,2605,MSG5322922,Hanoi_005889,,0,,,,MAG5322367,"Unite 108, 1f Sun Red River-business Center",,,,"23 Phan Chu Trinh, Hoan Kiem Dist.",,Hanoi,,,VNM,Y,Hanoi_005889
42,TRUE,2605,MSY5135744,2605_TWN_Taipei_00001,,0,,,,MAY5136856,,,,,Shin Kong Chung Shan Building No.44 Sec.2,,Taipei,,,TWN,Y,Taipei_227479
42,FALSE,2605,MSG5323366,JCB-TPE,,0,,,,MAG5322802,,,,,No.44 Sec.2 Chung Shan N. Rd.,,Taipei,,,TWN,Y,JCB-TPE
43,TRUE,2605,MS16005335,2605_THA_Bangkok_00001,,0,,0,0,MA16005466,,,,,500 Thanon Phloen Chit,,Bangkok,,,THA,Y,Bangkok_227464
43,FALSE,2605,CI00046564,2605_THA_Bangkok_002,,0,,,,CI00046841,,,,,"Amarin Plaza Building, 9th Floor, 500",10300,Bangkok,,,THA,Y,Bangkok_061813
43,FALSE,2605,MSG5323352,JCB-BKK,,0,,,,MAG5322788,"Amarin Plaza Building, Unit 8, 9th Floor",,,,"500 Ploenchit Road, Lumpini, Pathumwan",10300,Bangkok,,,THA,Y,JCB-BKK
44,TRUE,2605,CI00050038,2605_USA_Los Angeles_003,,0,,,,CI00050349,,Hollywood and Highland,217,2nd Floor,6801 Hollywood Blvd,90028,Los Angeles,CA,CALIFORNIA,USA,Y,Los Angeles_065676
44,FALSE,2605,MSG5323360,JCB-LAX(P),,0,,1-323-467-6412,,MAG5322796,,,Room 217,2nd Floor,"Hollywood and Highland, 6801 Hollywood Blvd, Suite 217, 2nd Floor",90028,Los Angeles,CA,CALIFORNIA,USA,Y,JCB-LAX(P)
45,TRUE,2605,MSY5135747,2605_FRA_Paris_00001,,0,,,,MAY5136859,,,,,10 rue de la Paix Bat Heron 4F,75002,Paris,,,FRA,Y,Paris_227480
45,FALSE,2605,MSG5323361,JCB-PAR,,0,,,,MAG5322797,,,,,10 Rue de la Paix,16000,Paris,,,FRA,Y,JCB-PAR
46,TRUE,2605,MSG5324617,SLDT-SHA-JIPS3,,0,,,,MAG5324028,,,,,No.6 Zhenda Road,200000,Shanghai,,,CHN,Y,SLDT-SHA-JIPS3
46,FALSE,2605,MSG5323375,JCB/IS?SLDT,,0,,,,MAG5322811,,,,,No.6 Zhenda Road,,Shanghai,,,CHN,Y,JCB/IS?SLDT
47,TRUE,2605,MSG5324142,PABSZX-APS,,0,,86-021-38638339,,MAG5323560,,,,,"Kukeng village,  Guanlan town",518000,Shenzhen,,,CHN,Y,PABSZX-APS
47,FALSE,2605,MSG5324763,Shenzhen_000245,,0,,,,MAG5324171,,,,,"Kukeng village,  Guanlan town",,Shenzhen,,,CHN,Y,Shenzhen_000245
48,TRUE,2605,MSG5324952,TMB-KUL-ROUTER1,,0,,,,MAG5324358,,,,,Jalan Tun Sambanthan,50470,Kuala Lumpur,,,MYS,Y,TMB-KUL-ROUTER1
48,FALSE,2605,MSG5325036,Telekom Malaysia,,0,,,,MAG5324440,,,,,Jalan Tun Sambathan,43200,Kuala Lumpur,,,MYS,Y,Telekom Malaysia
49,TRUE,2605,MS16005336,Makati City_001219,,0,,0,0,MA16005467,,,,,6788 Ayala Ave,,Makati City,,,PHL,Y,Makati City_001219
49,FALSE,2605,CI00038067,2605_PHL_Makati_002,,0,,,,CI00038271,,,,2F,"2F 6788 Ayala Ave., Oledan Square",1266,Makati,,Metro Manila,PHL,Y,Makati_053208
50,TRUE,2605,CI00047180,2605_USA_Honolulu_006,,0,,,,CI00047465,,Waikiki Shopping Plaza,,,2250 Kalakaua Ave,96815,Honolulu,HI,HAWAII,USA,Y,Honolulu_062506
50,FALSE,2605,CI00045107,2605_USA_Honolulu_005,,0,,,,CI00045371,Waikiki Shopping Plaza Suite 207 A,,,,2250 Kalakaua Ave.,96815,Honolulu,HI,HAWAII,USA,Y,Honolulu_060201
50,FALSE,2605,MSG5322546,FR/JCB-HNL,,0,,1-808-971-8111,,MAG5322001,,,,,"2250 Kalakaua Avenue #207, Waikiki Shopping Plaza",96815,Honolulu,HI,HAWAII,USA,Y,FR/JCB-HNL
50,FALSE,2605,MSY4191455,2605_USA_Honolulu_MIG420,,0,,,,MAY4176435,,,,,2250 Kalakaua Ave. Honolulu Branch Waikiki Shoppin,96815,Honolulu,HI,HAWAII,USA,Y,Honolulu_096167
50,FALSE,2605,CI00041381,2605_USA_Honolulu_001,,0,,,,CI00041624,,"Waikiki Shopping Plaza, Honolulu branch",,,2250 Kalakaua Ave,96815,Honolulu,HI,HAWAII,USA,Y,Honolulu_056444
50,FALSE,2605,CI00042710,2605_USA_Honolulu_002,,0,,,,CI00042958,,Waikiki Shopping Plaza,,,2250 Kalakaua Ave,96815,Honolulu,HI,HAWAII,USA,Y,Honolulu_057672
51,TRUE,2605,CI00031616,2605_PHL_Makati_001,,0,,,,CI00031756,,,,,"JCB International Co., Ltd. Manila Representative Office Oledan Square 2F 6788 Ayala Ave. 1266, Makati City PH",,Makati,,Metro Manila,PHL,Y,Makati_047258
51,FALSE,2605,MSY4136368,2605_PHL_Makati_00001,Senai,0,,86-021-61422000,,MAY4131556,,,,,"JCB International Co., Ltd. Manila Representative",,Makati,,,PHL,Y,Makati_198670
52,TRUE,2605,CI00044880,2605_CHN_Beijing_002,,0,,,,CI00045143,8f Sino-ocean Land,Guanghua Centre Office Building,,,"Jintong West Road, Chao Yang District",100020,Beijing,,Beijing,CHN,Y,Beijing_059922
52,FALSE,2605,MS16005366,2605_CHN_Beijing_003,,0,,86-1391-0796-674,0,MA16005498,"RoomA01, 8F TowerAB Sino-Ocean Land Guanghua Centre Office Bldg",,,,"No.10 Jintong West Road, Chao Yang District",,Beijing,,,CHN,Y,Beijing_213513
53,TRUE,2605,MSY5147255,2605_BRA_Sao Paulo_00001,,0,,,,MAY5148367,,,,,"AV. BRIG. FARIA LIMA, 3729 5-ANDAR",04538-133,Sao Paulo,SP,SAO PAULO,BRA,Y,Sao Paulo_087933
53,FALSE,2605,MSG5324394,SAO PAULO--Metropolitan Area_006807,,0,,,,MAG5323807,,,,,"Avenida Brigadeiro Faria Lima, 3729 Itaim Bibi",04538-133,Sao Paulo,SP,SAO PAULO,BRA,Y,SAO PAULO--Metropolitan Area_006807
54,TRUE,2605,CI00044896,2605_CHN_Shanghai_001,,0,,,,CI00045159,,,,,13F room 131 HangSengBankTower No. 1000 Lujiazuih,,Shanghai,,Shanghai,CHN,Y,Shanghai_059943
54,FALSE,2605,MS16005367,JCB SHA,,0,,21-6472-7093,0,MA16005499,,,,,13F room 131 HangSengBankTower No. 1000 Lujiazuihuan Rd. Pudong New Area,,Shanghai,,,CHN,Y,Shanghai_053179
55,TRUE,2605,CI00044916,2605_JPN_Koto_001,,0,,,,CI00045179,,,,,"5 Chome-29-19 Toyo, Koto",,Koto,,Tokyo-to,JPN,Y,Koto_059966
55,FALSE,2605,CI00070719,2605_JPN_Koto-ku_001,,0,,,,CI00071244,,,,,5-29-19 Toyo,135-0016,Koto-ku,,Tokyo,JPN,Y,Koto-ku_191483
55,FALSE,2605,MS16005374,TIS2-TYO-JIPS3,416683,0,,81-3-3699-1481,0,MA16005506,,,,,4F 5-29-19 Toyo Koto-ku,,TOKYO,,,JPN,Y,TOKYO_111349
56,TRUE,2605,CI00045162,2605_ITA_Roma_001,,0,,,,CI00045426,,,,,"Via Barberini, 47",187,Roma,,Lazio,ITA,Y,Roma_060263
56,FALSE,2605,MS16005370,ROMB2605,,0,,6-481-4405,0,MA16005502,,,,,2nd Floor Via Barberini 47,,Rome,,,ITA,Y,Rome_112637
57,TRUE,2605,CI00045072,2605_USA_Honolulu_004,,0,,,,CI00045336,,,,,"Waikiki Shopping Plaza, Honolulu Branch, 2250 Kal",96815,Honolulu,HI,HAWAII,USA,Y,Honolulu_060157
57,FALSE,2605,MS16005350,2605_USA_Honolulu_003,,0,,0,0,MA16005482,,,,,"Waikiki Shopping Plaza, Honolulu Branch, 2250 Kalakaua Ave,",96815,Honolulu,HI,HAWAII,USA,Y,Honolulu_031830
58,TRUE,2605,CI00063572,2605_SGP_Singapore_002,,0,,,,CI00063996,,#10-234/236 Faber House,,,230 Orchard Rd,238854,Singapore,,,SGP,Y,Singapore_125361
58,FALSE,2605,MSG5323382,JCB_SIN,,0,,,,MAG5322818,,#10-234/236 Faber House,,,230 Orchard Road,238854,Singapore,,,SGP,Y,JCB_SIN
59,TRUE,2605,CI00076514,2605_USA_Sunnyvale_001,,0,,,,CI00077086,,,,,640 W California Ave #213,94086,Sunnyvale,CA,California,USA,Y,Sunnyvale_198228
59,FALSE,2605,CI00076515,2605_USA_Sunnyvale_002,,0,,,,CI00077087,,,,,640 W California Ave #213,94086,Sunnyvale,CA,California,USA,Y,Sunnyvale_198229
60,TRUE,10009,MS18002519,HSBCDXB01,303818,0,,42074291,0,MA18002615,,,,,Emaar Business Square Building 5 Burj Dubai,502601,Dubai,,,ARE,Y,Dubai_227470
60,FALSE,10009,MS18002576,HSBCDXB06,,0,,971 501 895 612,0,MA18002672,,,,,HSBC Bank Middle East UAE Emaar Business Square Building 5 Bur Dubai,502601,Dubai,,,ARE,Y,Dubai_227528
61,TRUE,10009,MSY7100013,10009_ARG_Mendoza Ciudad Capital_00001,,0,,,,MAY7100013,,,,,"Ing.Butty 240, 3rd floor",M5500CMB,BUENOS AIRES,BA,BUENOS AIRES,ARG,Y,BUENOS AIRES_080332
61,FALSE,10009,MSG5324130,Orange BUET03,,0,,,,MAG5323548,,,,,"Ing.Butty 240, 3rd floor",C1010 ABF,Buenos Aires,BA,BUENOS AIRES,ARG,Y,Orange BUET03
62,TRUE,10009,MSG5322780,HSBC-Bangladesh (DMO) 2,,0,,,,MAG5322226,"Atlanta Trade Center, 1st floor, Plot-01",,,,"Road-1/A, Sector-04, Uttara Residential Area",12300,Dhaka,,,BGD,Y,HSBC-Bangladesh (DMO) 2
62,FALSE,10009,CI00014331,Hong Kong Shanghai Banking_BGD_Dhaka_001,,0,,,,CI00014408,"1st Floor, Atlanta Centre","Plot 1, Road 1/A, Sector 4",,,Uttara,1230,Dhaka,,Dhaka Division,BGD,Y,Dhaka_030154
62,FALSE,10009,MSY6106340,10009_BGD_Dhaka_00001_MIG_001,,0,,,,MAY6106340,,,,,"UTTARA 1ST Flr, ATLANTA Cntr PLOT 1, Rd 1/A,",1230,Dhaka,,,BGD,Y,Dhaka_076640
63,TRUE,10009,CI00015906,HSBC-Switzerland,,0,,,,CI00015986,Ch du Pre-Fleuri 20 - CP 259,,,,CH-1228 Plan-Les-Ouates Safe Host SA,,Geneva,GE,Geneva,CHE,Y,HSBC-Switzerland
63,FALSE,10009,MS17003089,10009_CHE_Plan-Les-Ouates_00001,,0,,0,0,MA17003235,,,,,Chemin du Pré-Fleuri 20,1228,Plan-Les-Ouates,,,CHE,Y,Plan-Les-Ouates_111312
64,TRUE,10009,MSG5322811,HSBC-Santiago (CL1) 2,,0,,,,MAG5322257,,,,,"Del Valle 928, Huechuraba, Metropolitan Region",,Santiago,,,CHL,Y,HSBC-Santiago (CL1) 2
64,FALSE,10009,MS17003107,10009_CHL_Huechuraba_00001,,0,,0,0,MA17003254,,,,,Del Valle 928,,Huechuraba,,,CHL,Y,Huechuraba_108532
65,TRUE,10009,MS18002542,HSBCSHA03,CNSPCW01,0,,0,0,MA18002638,,,,,Main Equipment Room Level 12 Ciro's Plaza388 Nan Jing Road West,,SHANGHAI,,,CHN,Y,SHANGHAI_227471
65,FALSE,10009,MS18002551,HSBCSHA04,CNSPCW02,0,,0,0,MA18002647,,,,,Processing (Shanghai) Ltd 12/F Ciro's Plaza388 Nan Jing Road West,,SHANGHAI,,,CHN,Y,SHANGHAI_227529
66,TRUE,10009,CI00022792,HSBC-Bogota (CO2),,0,,,,CI00022888,"4th Floor, C.E. Calle 75",,,,Carrera 7 NO. 75-66,,Bogota,,,COL,Y,HSBC-Bogota (CO2)
66,FALSE,10009,MSY6106342,10009_COL_Funza_00001,,0,,,,MAY6106342,,,,,"CARRERA 7 NO. 75-66 4TH FLOOR, C.E. CALLE 75",,Bogota,,,COL,Y,Bogota_227530
67,TRUE,10009,CI00022782,HSBC-Bogota (CO1),,0,,,,CI00022878,,,,,"Carrera 8, No. 1546",,Bogota,,,COL,Y,HSBC-Bogota (CO1)
67,FALSE,10009,MS17003097,10009_COL_Bogotá_00001,,0,,0,0,MA17003243,,,,,Carrera 8 15 46,,Bogotá,,,COL,Y,Bogotá_121498
68,TRUE,10009,MSY4134209,10009_GBR_Tankersley_00001,,0,,852-36639167,,MAY4129397,The Hong Kong And Shanghai Banking,S. Yourkshire Global Data Tankersley,Comp Rm F Cabinet B2,,"PO Box 9, Mapel Road, Wentworth Industrial Park",S75 3DJ,Tankersley,,,GBR,Y,Tankersley_198296
68,FALSE,10009,MS18002567,HSBCBAR02,,0,,852-36639167,0,MA18002663,,,,,a Centre PO Box 9 Maple Road Wentworth Industrial Park Tankersley,S75 3DJ,Barnsley,,,GBR,Y,Barnsley_227531
68,FALSE,10009,MS18002569,HSBCBAR04,,0,,852-36639167,0,MA18002665,,,,,South Yorkshire Group Data Centre PO Box 9 Maple RoadWentworth Industrial Park,S75 3DJ,Tankersley Barnsley,,,GBR,Y,Tankersley Barnsley_227532
68,FALSE,10009,MS18002566,HSBCBAR01,,0,,852-36639167,0,MA18002662,,,,,South Yorkshire Group Data Centre Auxillary Opertion AreaPO Box 9 Maple Road Wentworth Industrial Park Tankersley,S75 3DJ,Barnsley,,,GBR,Y,Barnsley_227533
69,TRUE,10009,CI00079773,10009_GBR_Barnsley_001,,0,,,,CI00080358,"Comp Rm F Cabinet B20, S. Yourkshire Global Data Centre",Tankersley,,,"PO Box 9, Mapel Road, Wentworth Industrial Park,",S75 3DJ,Barnsley,,,GBR,Y,Barnsley_204870
69,FALSE,10009,CI00040257,HSBC-UK Barnsley (GBSYN),,0,,,,CI00040479,South Yorkshire National Data Centre,Wentworth Industrial Park,,,"Tankersley, PO Box 9, Mapel Road",S75 3DJ,Barnsley,,England,GBR,Y,HSBC-UK Barnsley (GBSYN)
70,TRUE,10009,MS18002577,HSBCHER01,,0,,85 236 639 167,0,MA18002673,,,,,HSBC Hertfordshir Data Centre Mundells Welwyn Garden City Hertfordshire AL7 1GE United Kingdom,AL7 1GE,Welwyn Garden City,,,GBR,Y,Welwyn Garden City_227473
70,FALSE,10009,MS18002578,HSBCHER02,,0,,85 236 639 167,0,MA18002674,,,,,HSBC Hertfordshir Data Centre Mundells Welwyn Garden City Hertfordshire AL7 1GE United Kingdom,AL7 1GE,Hertfordshire,,,GBR,Y,Hertfordshire_227534
71,TRUE,10009,MSY5132741,10009_HKG_Hong Kong_00001,,0,,,,MAY5133853,,HSBC BUILDING TSEUNG KWAN O 2,,,CHUN SING STREET INDUSTRIAL ESTATE,,Hong Kong,,,HKG,Y,Hong Kong_227482
71,FALSE,10009,MSG5322763,HSBC HK 1 Chun Sing St,,0,,,,MAG5322211,,,,,Chun Sing Street,,HONG KONG,,,HKG,Y,HSBC HK 1 Chun Sing St
72,TRUE,10009,CI00000879,10009_HKG_Hong Kong_001,,0,,,,CI00000882,,4/F Room 401 and Room 402,,,On Kwan St,,Hong Kong,,New Territories,HKG,Y,Hong Kong_016833
72,FALSE,10009,MSY5132742,10009_HKG_HK_00001,,0,,,,MAY5133854,,,,,"HSBC BUILDING, 5 ON KWAN STREET 4/F ROOM 401",,HK,,,HKG,Y,HK_227535
72,FALSE,10009,CI00002048,10009_HKG_Hong Kong_002,,0,,,,CI00002055,,4/F Room 401 and Room 402,,,On Kwan Street,,Hong Kong,,New Territories,HKG,Y,Hong Kong_018039
73,TRUE,10009,MSG5322788,HSBC-Hong Kong (MTY),,0,,,,MAG5322234,,,,,"1 Lam Hing Street, Bay",,Kowloon Bay,,,HKG,Y,HSBC-Hong Kong (MTY)
73,FALSE,10009,MS17003076,10009_HKG_Kowloon Bay_00001,,0,,0,0,MA17003221,,,,,1 Lam Hing St,,Kowloon Bay,,,HKG,Y,Kowloon Bay_111311
74,TRUE,10009,MSG5322843,HSBCINDOJKT,,0,,,,MAG5322288,,,,,Jenderal Gatot Subroto Kavling 9-11,10023,JAKARTA,,,IDN,Y,HSBCINDOJKT
74,FALSE,10009,MS17003082,10009_IDN_Jakarta_00001,,0,,0,0,MA17003227,,,,,9-11 Jalan Jenderal Gatot Subroto,,Jakarta,,,IDN,Y,Jakarta_227536
75,TRUE,10009,MSG5322792,HSBC-India Chennai (CH1),,0,,,,MAG5322238,,,,,"Floor No. 12, 13, SP Infocity Building No. 40",600096,Chennai,,,IND,Y,HSBC-India Chennai (CH1)
75,FALSE,10009,MSY7100008,10009_IND_Chennai_00002,,0,,,,MAY7100008,,,,,"Floor No. 12, 13, SP Infocity Building No. 40",600116,Chennai,,,IND,Y,Chennai_227537
76,TRUE,10009,CI00034662,10009_ITA_Milan_001,HSBC Italy (ITMIL),0,,,,CI00034829,HSBC Italy (ITMIL),Piazzetta Bossi,EDP Room,seminterrato,Piazzetta Bossi No. 1,20121,Milan,,,ITA,Y,Milan_050104
76,FALSE,10009,MSY6106345,10009_ITA_Milano_00001,,0,,,,MAY6106345,,,,,PIAZZETTA BOSSI NO. 1 HSBC ITALY (ITMIL) PIAZZETTA,20121,Milan,,,ITA,Y,Milan_227538
77,TRUE,10009,CI00066169,10009_ITA_Milano_00002,,0,,,,CI00066604,6/F Comms Room,,,,"Viale della Liberazione, 13,",20124,Milan,,,ITA,Y,Milan_172929
77,FALSE,10009,CI00066709,10009_ITA_Milano_00003,,0,,,,CI00067149,,The Hong Kong and Shanghai Banking Corporation Limited HSBC,Comms Room,6,"Viale della Liberazione, 13",20124,Milano,,Lombardia,ITA,Y,Milano_174715
78,TRUE,10009,MS18002529,HSBCCMB01,LKCBHW01,0,,84 521 446 591,0,MA18002625,,,,,24 SIR BARON JAYATILLAKA MAWATHACOLOMBO 1,,COLOMBO,,,LKA,Y,COLOMBO_027436
78,FALSE,10009,MSY6106347,10009_LKA_Colombo_00001,,0,,,,MAY6106347,,,,,24 SIR BARON JAYATILLAKA MAWATHACOLOMBO 1,,Colombo,,,LKA,Y,Colombo_227539
79,TRUE,10009,MSG5322799,HSBC-Luxembourg (LUBOU),,0,,,,MAG5322245,,,,,16 Boulevard d'Avranches,1160,LUXEMBOURG,,,LUX,Y,HSBC-Luxembourg (LUBOU)
79,FALSE,10009,MS17003091,10009_LUX_Luxembourg_00001,,0,,0,0,MA17003237,,,,,16 Boulevard d'Avranches,,Luxembourg,,,LUX,Y,Luxembourg_227540
80,TRUE,10009,MSG5322801,HSBC-Macau (MCU),,0,,,,MAG5322247,The Hong Kong and Shanghai Banking Corporation,"Lim,639 Avenida da Praia Grande",,,"MO, Macau",,Macau,,,MAC,Y,HSBC-Macau (MCU)
80,FALSE,10009,MS17003087,10009_MAC_Macau_00001,,0,,0,0,MA17003233,Avanida Da Praia Grande,,,,"No. 639 1st Floor, , MACAU",,Macau,,,MAC,Y,Macau_103199
81,TRUE,10009,CI00024282,HSBC-Monaco (MCMTC),,0,,,,CI00024379,HSBC Private Bank,,,,17 Avenue d'Ostende,MC98000,Monaco,,,MCO,Y,HSBC-Monaco (MCMTC)
81,FALSE,10009,MS17003093,10009_MCO_Monaco_00001,,0,,0,0,MA17003239,,,,,17 Avenue d'Ostende,98000,Monaco,,,MCO,Y,Monaco_039989
82,TRUE,10009,MS17003095,10009_MEX_Chapultepec_00001,,0,,0,0,MA17003241,,,,,Libertad 415,52240,Chapultepec,,,MEX,Y,Chapultepec_045364
82,FALSE,10009,MSY7100009,10009_MEX_San Miguel Topilejo_00001,,0,,,,MAY7100009,,,,,AV LIBERTAD #415 MUNICIPIO SAN MIGUEL CHAPULTEPEC,14500,Mexico,,,MEX,Y,Mexico_191883
83,TRUE,10009,MSG5322784,HSBC-Chapultepec (SMC),,0,,,,MAG5322230,entre el Panteon  y empacador de Champiñones.,,,,Av. Libertad #415 Municipio San Miguel Chapultepec,52240,MExico,,"San Miguel Chapultepec, Edo. de Mexico",MEX,Y,HSBC-Chapultepec (SMC)
83,FALSE,10009,CI00073742,10009_MEX_Mexico_001,,0,,,,CI00074296,,,,,Av. Libertad #415 Municipio San Miguel Chapultepec,52240,Mexico,,"Edo. de Mexico, Mexico",MEX,Y,Mexico_195175
84,TRUE,10009,MSG5322805,HSBC-Mauritius (MUCPP),,0,,,,MAG5322251,HSBC Centre,Ebene,,4,18 Cybercity,,Ebène,,Plaines Wilhems,MUS,Y,HSBC-Mauritius (MUCPP)
84,FALSE,10009,MSG5322851,HSBCMAURITIUS,,0,,,,MAG5322296,,,,,"18 CyberCity,",,MAURITIUS,,,MUS,Y,HSBCMAURITIUS
85,TRUE,10009,CI00055630,HSBC-Panama City (PA1),,0,,,,CI00055992,"Via Jose Aguestin Arango, Edificio Banistmo",Centro Comercial Mis Provincias (Milla 8),Apartado 6-3823,"63823, Panama Cit",Calle Centro Comercial Mis Provincias (Milla 8),,Panamá,,Panamá,PAN,Y,HSBC-Panama City (PA1)
85,FALSE,10009,MSY7100020,10009_PAN_Panama_00001,,0,,,,MAY7100020,"Via Jose Aguestin Arango, Edificio Banistmo",Apartado 6-3823 El Dorado Panama,,,Centro Comercial Plaza Comercial,63823,Panama City,,,PAN,Y,Panama City_123199
86,TRUE,10009,CI00021588,HSBC-Lima (PE2),,0,,,,CI00021679,"Lima: Fibra Building, 10th Floor",,,,"at the intersection of Dean Valdivia Avenue and Las Orquideas Avenue,",,Lima,,,PER,Y,HSBC-Lima (PE2)
86,FALSE,10009,MSY5132738,10009_PER_Lima_00001_MIG_001,,0,,,,MAY5133850,,,,10TH FLOOR,INTERSCTION OF DEAN VALDIVIA AV & LAS ORQUIDEAS AV,,Lima,,,PER,Y,Lima_073011
87,TRUE,10009,MSG5322798,HSBC-Lima (PE1) 2,,0,,,,MAG5322244,,,,,Av Manuel Olguin,15023,LIMA,,,PER,Y,HSBC-Lima (PE1) 2
87,FALSE,10009,MS17003106,10009_PER_Lima_00001,,0,,0,0,MA17003253,,,,,Av Manuel Olguin 395,15023,Lima,,,PER,Y,Lima_227541
88,TRUE,10009,MS18002573,HSBCMNL09,,0,,0,0,MA18002669,,,,,U.P. North Science & Technology Park Commonwealth Avenue,,Diliman Quezon,,,PHL,Y,Diliman Quezon_227472
88,FALSE,10009,MS18002572,HSBCMNL10,303816,0,,85236639167,0,MA18002668,,,,,U.P. North Science & Technolog Commonwealth AvenueDiliman Quezon City,1101,Quezon,,,PHL,Y,Quezon_227542
89,TRUE,10009,CI00022777,HSBC-Philippines (FRT),,0,,,,CI00022873,,,,,"3058 Fifth Avenue West, Bonifacio Global City",1634,Taguig,,Metro Manila,PHL,Y,HSBC-Philippines (FRT)
89,FALSE,10009,MSY6106338,10009_PHL_Taguig City_00001_MIG_001,,0,,,,MAY6106338,,,,,3058 5TH Ave WEST THE HONG KONG AND SHANGHAI,,Taguig City,,,PHL,Y,Taguig City_076642
89,FALSE,10009,MS17003081,10009_PHL_Taguig City_00001,,0,,0,0,MA17003226,The Hong Kong and Shanghai Banking,Bonifacio Global City,,4th Floor,3058 5th Avenue West,1634,Taguig City,,,PHL,Y,Taguig City_039000